,country,country_code,indicator_name,2009,2010,2011,2012,2013,2014,2015,2016,2017,2018,2019,2020
0,Aruba,ABW,participation in ownership,0.0,0.0,0.0,0.0,0.0,0.0,0.0,0.0,0.0,0.0,0.0,0.0
1,Afghanistan,AFG,participation in ownership,0.0,0.0,0.0,0.0,0.0,2.2,0.0,0.0,0.0,0.0,0.0,0.0
2,Angola,AGO,participation in ownership,0.0,56.6,0.0,0.0,0.0,0.0,0.0,0.0,0.0,0.0,0.0,0.0
3,Albania,ALB,participation in ownership,0.0,0.0,0.0,0.0,13.1,0.0,0.0,0.0,0.0,0.0,20.7,0.0
4,Andorra,AND,participation in ownership,0.0,0.0,0.0,0.0,0.0,0.0,0.0,0.0,0.0,0.0,0.0,0.0
5,Arab World,ARB,participation in ownership,0.0,0.0,0.0,0.0,0.0,0.0,0.0,0.0,0.0,0.0,14.43636364,0.0
6,United Arab Emirates,ARE,participation in ownership,0.0,0.0,0.0,0.0,0.0,0.0,0.0,0.0,0.0,0.0,0.0,0.0
7,Argentina,ARG,participation in ownership,0.0,38.0,0.0,0.0,0.0,0.0,0.0,0.0,57.8,0.0,0.0,0.0
8,Armenia,ARM,participation in ownership,31.8,0.0,0.0,0.0,24.4,0.0,0.0,0.0,0.0,0.0,0.0,27.4
9,American Samoa,ASM,participation in ownership,0.0,0.0,0.0,0.0,0.0,0.0,0.0,0.0,0.0,0.0,0.0,0.0
10,Antigua and Barbuda,ATG,participation in ownership,0.0,21.3,0.0,0.0,0.0,0.0,0.0,0.0,0.0,0.0,0.0,0.0
11,Australia,AUS,participation in ownership,0.0,0.0,0.0,0.0,0.0,0.0,0.0,0.0,0.0,0.0,0.0,0.0
12,Austria,AUT,participation in ownership,0.0,0.0,0.0,0.0,0.0,0.0,0.0,0.0,0.0,0.0,0.0,0.0
13,Azerbaijan,AZE,participation in ownership,10.8,0.0,0.0,0.0,4.0,0.0,0.0,0.0,0.0,0.0,15.3,0.0
14,Burundi,BDI,participation in ownership,0.0,0.0,0.0,0.0,0.0,44.0,0.0,0.0,0.0,0.0,0.0,0.0
15,Belgium,BEL,participation in ownership,0.0,0.0,0.0,0.0,0.0,0.0,0.0,0.0,0.0,0.0,0.0,0.0
16,Benin,BEN,participation in ownership,45.4,0.0,0.0,0.0,0.0,0.0,0.0,36.7,0.0,0.0,0.0,0.0
17,Burkina Faso,BFA,participation in ownership,19.2,0.0,0.0,0.0,0.0,0.0,0.0,0.0,0.0,0.0,0.0,0.0
18,Bangladesh,BGD,participation in ownership,0.0,0.0,0.0,0.0,12.7,0.0,0.0,0.0,0.0,0.0,0.0,0.0
19,Bulgaria,BGR,participation in ownership,33.9,0.0,0.0,0.0,41.5,0.0,0.0,0.0,0.0,0.0,41.7,0.0
20,Bahrain,BHR,participation in ownership,0.0,0.0,0.0,0.0,0.0,0.0,0.0,0.0,0.0,0.0,0.0,0.0
21,"Bahamas, The",BHS,participation in ownership,0.0,58.3,0.0,0.0,0.0,0.0,0.0,0.0,0.0,0.0,0.0,0.0
22,Bosnia and Herzegovina,BIH,participation in ownership,32.8,0.0,0.0,0.0,22.8,0.0,0.0,0.0,0.0,0.0,24.9,0.0
23,Belarus,BLR,participation in ownership,0.0,0.0,0.0,0.0,46.2,0.0,0.0,0.0,0.0,45.5,0.0,0.0
24,Belize,BLZ,participation in ownership,0.0,30.4,0.0,0.0,0.0,0.0,0.0,0.0,0.0,0.0,0.0,0.0
25,Bermuda,BMU,participation in ownership,0.0,0.0,0.0,0.0,0.0,0.0,0.0,0.0,0.0,0.0,0.0,0.0
26,Bolivia,BOL,participation in ownership,0.0,41.3,0.0,0.0,0.0,0.0,0.0,0.0,68.6,0.0,0.0,0.0
27,Brazil,BRA,participation in ownership,50.2,0.0,0.0,0.0,0.0,0.0,0.0,0.0,0.0,0.0,0.0,0.0
28,Barbados,BRB,participation in ownership,0.0,43.5,0.0,0.0,0.0,0.0,0.0,0.0,0.0,0.0,0.0,0.0
29,Brunei Darussalam,BRN,participation in ownership,0.0,0.0,0.0,0.0,0.0,0.0,0.0,0.0,0.0,0.0,0.0,0.0
30,Bhutan,BTN,participation in ownership,31.3,0.0,0.0,0.0,0.0,0.0,43.3,0.0,0.0,0.0,0.0,0.0
31,Botswana,BWA,participation in ownership,0.0,55.3,0.0,0.0,0.0,0.0,0.0,0.0,0.0,0.0,0.0,0.0
32,Central African Republic,CAF,participation in ownership,0.0,0.0,53.3,0.0,0.0,0.0,0.0,0.0,0.0,0.0,0.0,0.0
33,Canada,CAN,participation in ownership,0.0,0.0,0.0,0.0,0.0,0.0,0.0,0.0,0.0,0.0,0.0,0.0
34,Central Europe and the Baltics,CEB,participation in ownership,0.0,0.0,0.0,0.0,0.0,0.0,0.0,0.0,0.0,0.0,37.52727273,0.0
35,Switzerland,CHE,participation in ownership,0.0,0.0,0.0,0.0,0.0,0.0,0.0,0.0,0.0,0.0,0.0,0.0
36,Channel Islands,CHI,participation in ownership,0.0,0.0,0.0,0.0,0.0,0.0,0.0,0.0,0.0,0.0,0.0,0.0
37,Chile,CHL,participation in ownership,0.0,29.6,0.0,0.0,0.0,0.0,0.0,0.0,0.0,0.0,0.0,0.0
38,China,CHN,participation in ownership,0.0,0.0,0.0,64.2,0.0,0.0,0.0,0.0,0.0,0.0,0.0,0.0
39,Cote d'Ivoire,CIV,participation in ownership,61.9,0.0,0.0,0.0,0.0,0.0,0.0,24.4,0.0,0.0,0.0,0.0
40,Cameroon,CMR,participation in ownership,15.7,0.0,0.0,0.0,0.0,0.0,0.0,39.7,0.0,0.0,0.0,0.0
41,"Congo, Dem. Rep.",COD,participation in ownership,0.0,38.9,0.0,0.0,15.1,0.0,0.0,0.0,0.0,0.0,0.0,0.0
42,"Congo, Rep.",COG,participation in ownership,31.8,0.0,0.0,0.0,0.0,0.0,0.0,0.0,0.0,0.0,0.0,0.0
43,Colombia,COL,participation in ownership,0.0,35.3,0.0,0.0,0.0,0.0,0.0,0.0,66.9,0.0,0.0,0.0
44,Comoros,COM,participation in ownership,0.0,0.0,0.0,0.0,0.0,0.0,0.0,0.0,0.0,0.0,0.0,0.0
45,Cabo Verde,CPV,participation in ownership,33.1,0.0,0.0,0.0,0.0,0.0,0.0,0.0,0.0,0.0,0.0,0.0
46,Costa Rica,CRI,participation in ownership,0.0,43.5,0.0,0.0,0.0,0.0,0.0,0.0,0.0,0.0,0.0,0.0
47,Caribbean small states,CSS,participation in ownership,0.0,0.0,0.0,0.0,0.0,0.0,0.0,0.0,0.0,0.0,45.53846154,0.0
48,Cuba,CUB,participation in ownership,0.0,0.0,0.0,0.0,0.0,0.0,0.0,0.0,0.0,0.0,0.0,0.0
49,Curacao,CUW,participation in ownership,0.0,0.0,0.0,0.0,0.0,0.0,0.0,0.0,0.0,0.0,0.0,0.0
50,Cayman Islands,CYM,participation in ownership,0.0,0.0,0.0,0.0,0.0,0.0,0.0,0.0,0.0,0.0,0.0,0.0
51,Cyprus,CYP,participation in ownership,0.0,0.0,0.0,0.0,0.0,0.0,0.0,0.0,0.0,0.0,45.1,0.0
52,Czech Republic,CZE,participation in ownership,25.0,0.0,0.0,0.0,30.4,0.0,0.0,0.0,0.0,0.0,29.9,0.0
53,Germany,DEU,participation in ownership,0.0,0.0,0.0,0.0,0.0,0.0,0.0,0.0,0.0,0.0,0.0,0.0
54,Djibouti,DJI,participation in ownership,0.0,0.0,0.0,0.0,22.3,0.0,0.0,0.0,0.0,0.0,0.0,0.0
55,Dominica,DMA,participation in ownership,0.0,41.0,0.0,0.0,0.0,0.0,0.0,0.0,0.0,0.0,0.0,0.0
56,Denmark,DNK,participation in ownership,0.0,0.0,0.0,0.0,0.0,0.0,0.0,0.0,0.0,0.0,0.0,0.0
57,Dominican Republic,DOM,participation in ownership,0.0,30.0,0.0,0.0,0.0,0.0,0.0,32.2,0.0,0.0,0.0,0.0
58,Algeria,DZA,participation in ownership,0.0,0.0,0.0,0.0,0.0,0.0,0.0,0.0,0.0,0.0,0.0,0.0
59,East Asia & Pacific (excluding high income),EAP,participation in ownership,0.0,0.0,0.0,0.0,0.0,0.0,0.0,0.0,0.0,0.0,47.4,0.0
60,Early-demographic dividend,EAR,participation in ownership,0.0,0.0,0.0,0.0,0.0,0.0,0.0,0.0,0.0,0.0,35.00222222,0.0
61,East Asia & Pacific,EAS,participation in ownership,0.0,0.0,0.0,0.0,0.0,0.0,0.0,0.0,0.0,0.0,47.4,0.0
62,Europe & Central Asia (excluding high income),ECA,participation in ownership,0.0,0.0,0.0,0.0,0.0,0.0,0.0,0.0,0.0,0.0,28.15263158,0.0
63,Europe & Central Asia,ECS,participation in ownership,0.0,0.0,0.0,0.0,0.0,0.0,0.0,0.0,0.0,0.0,32.68529412,0.0
64,Ecuador,ECU,participation in ownership,0.0,24.1,0.0,0.0,0.0,0.0,0.0,0.0,70.4,0.0,0.0,0.0
65,"Egypt, Arab Rep.",EGY,participation in ownership,0.0,0.0,0.0,0.0,16.1,0.0,0.0,17.8,0.0,0.0,0.0,5.2
66,Euro area,EMU,participation in ownership,0.0,0.0,0.0,0.0,0.0,0.0,0.0,0.0,0.0,0.0,38.7,0.0
67,Eritrea,ERI,participation in ownership,4.2,0.0,0.0,0.0,0.0,0.0,0.0,0.0,0.0,0.0,0.0,0.0
68,Spain,ESP,participation in ownership,0.0,0.0,0.0,0.0,0.0,0.0,0.0,0.0,0.0,0.0,0.0,0.0
69,Estonia,EST,participation in ownership,36.3,0.0,0.0,0.0,38.3,0.0,0.0,0.0,0.0,0.0,35.5,0.0
70,Ethiopia,ETH,participation in ownership,0.0,0.0,35.3,0.0,0.0,0.0,36.2,0.0,0.0,0.0,0.0,0.0
71,European Union,EUU,participation in ownership,0.0,0.0,0.0,0.0,0.0,0.0,0.0,0.0,0.0,0.0,39.06470588,0.0
72,Fragile and conflict affected situations,FCS,participation in ownership,0.0,0.0,0.0,0.0,0.0,0.0,0.0,0.0,0.0,0.0,25.60384615,0.0
73,Finland,FIN,participation in ownership,0.0,0.0,0.0,0.0,0.0,0.0,0.0,0.0,0.0,0.0,0.0,0.0
74,Fiji,FJI,participation in ownership,49.1,0.0,0.0,0.0,0.0,0.0,0.0,0.0,0.0,0.0,0.0,0.0
75,France,FRA,participation in ownership,0.0,0.0,0.0,0.0,0.0,0.0,0.0,0.0,0.0,0.0,0.0,0.0
76,Faroe Islands,FRO,participation in ownership,0.0,0.0,0.0,0.0,0.0,0.0,0.0,0.0,0.0,0.0,0.0,0.0
77,"Micronesia, Fed. Sts.",FSM,participation in ownership,86.8,0.0,0.0,0.0,0.0,0.0,0.0,0.0,0.0,0.0,0.0,0.0
78,Gabon,GAB,participation in ownership,33.1,0.0,0.0,0.0,0.0,0.0,0.0,0.0,0.0,0.0,0.0,0.0
79,United Kingdom,GBR,participation in ownership,0.0,0.0,0.0,0.0,0.0,0.0,0.0,0.0,0.0,0.0,0.0,0.0
80,Georgia,GEO,participation in ownership,0.0,0.0,0.0,0.0,36.1,0.0,0.0,0.0,0.0,0.0,22.4,0.0
81,Ghana,GHA,participation in ownership,0.0,0.0,0.0,0.0,31.6,0.0,0.0,0.0,0.0,0.0,0.0,0.0
82,Gibraltar,GIB,participation in ownership,0.0,0.0,0.0,0.0,0.0,0.0,0.0,0.0,0.0,0.0,0.0,0.0
83,Guinea,GIN,participation in ownership,0.0,0.0,0.0,0.0,0.0,0.0,0.0,9.0,0.0,0.0,0.0,0.0
84,"Gambia, The",GMB,participation in ownership,0.0,0.0,0.0,0.0,0.0,0.0,0.0,0.0,0.0,16.8,0.0,0.0
85,Guinea-Bissau,GNB,participation in ownership,0.0,0.0,0.0,0.0,0.0,0.0,0.0,0.0,0.0,0.0,0.0,0.0
86,Equatorial Guinea,GNQ,participation in ownership,0.0,0.0,0.0,0.0,0.0,0.0,0.0,0.0,0.0,0.0,0.0,0.0
87,Greece,GRC,participation in ownership,0.0,0.0,0.0,0.0,0.0,0.0,0.0,0.0,0.0,45.9,0.0,0.0
88,Grenada,GRD,participation in ownership,0.0,57.3,0.0,0.0,0.0,0.0,0.0,0.0,0.0,0.0,0.0,0.0
89,Greenland,GRL,participation in ownership,0.0,0.0,0.0,0.0,0.0,0.0,0.0,0.0,0.0,0.0,0.0,0.0
90,Guatemala,GTM,participation in ownership,0.0,44.2,0.0,0.0,0.0,0.0,0.0,0.0,31.5,0.0,0.0,0.0
91,Guam,GUM,participation in ownership,0.0,0.0,0.0,0.0,0.0,0.0,0.0,0.0,0.0,0.0,0.0,0.0
92,Guyana,GUY,participation in ownership,0.0,58.3,0.0,0.0,0.0,0.0,0.0,0.0,0.0,0.0,0.0,0.0
93,High income,HIC,participation in ownership,0.0,0.0,0.0,0.0,0.0,0.0,0.0,0.0,0.0,0.0,38.68,0.0
94,"Hong Kong SAR, China",HKG,participation in ownership,0.0,0.0,0.0,0.0,0.0,0.0,0.0,0.0,0.0,0.0,0.0,0.0
95,Honduras,HND,participation in ownership,0.0,43.3,0.0,0.0,0.0,0.0,0.0,54.7,0.0,0.0,0.0,0.0
96,Heavily indebted poor countries (HIPC),HPC,participation in ownership,0.0,0.0,0.0,0.0,0.0,0.0,0.0,0.0,0.0,0.0,29.49032258,0.0
97,Croatia,HRV,participation in ownership,0.0,0.0,0.0,0.0,36.3,0.0,0.0,0.0,0.0,0.0,31.7,0.0
98,Haiti,HTI,participation in ownership,0.0,0.0,0.0,0.0,0.0,0.0,0.0,0.0,0.0,0.0,0.0,0.0
99,Hungary,HUN,participation in ownership,42.4,0.0,0.0,0.0,48.7,0.0,0.0,0.0,0.0,0.0,51.9,0.0
100,IBRD only,IBD,participation in ownership,0.0,0.0,0.0,0.0,0.0,0.0,0.0,0.0,0.0,0.0,36.32586207,0.0
101,IDA & IBRD total,IBT,participation in ownership,0.0,0.0,0.0,0.0,0.0,0.0,0.0,0.0,0.0,0.0,33.81946903,0.0
102,IDA total,IDA,participation in ownership,0.0,0.0,0.0,0.0,0.0,0.0,0.0,0.0,0.0,0.0,31.17636364,0.0
103,IDA blend,IDB,participation in ownership,0.0,0.0,0.0,0.0,0.0,0.0,0.0,0.0,0.0,0.0,41.74166667,0.0
104,Indonesia,IDN,participation in ownership,42.8,0.0,0.0,0.0,0.0,0.0,22.1,0.0,0.0,0.0,0.0,0.0
105,IDA only,IDX,participation in ownership,0.0,0.0,0.0,0.0,0.0,0.0,0.0,0.0,0.0,0.0,28.22790698,0.0
106,Isle of Man,IMN,participation in ownership,0.0,0.0,0.0,0.0,0.0,0.0,0.0,0.0,0.0,0.0,0.0,0.0
107,India,IND,participation in ownership,0.0,0.0,0.0,0.0,0.0,10.7,0.0,0.0,0.0,0.0,0.0,0.0
108,Not classified,INX,participation in ownership,0.0,0.0,0.0,0.0,0.0,0.0,0.0,0.0,0.0,0.0,0.0,0.0
109,Ireland,IRL,participation in ownership,0.0,0.0,0.0,0.0,0.0,0.0,0.0,0.0,0.0,0.0,0.0,0.0
110,"Iran, Islamic Rep.",IRN,participation in ownership,0.0,0.0,0.0,0.0,0.0,0.0,0.0,0.0,0.0,0.0,0.0,0.0
111,Iraq,IRQ,participation in ownership,0.0,0.0,6.8,0.0,0.0,0.0,0.0,0.0,0.0,0.0,0.0,0.0
112,Iceland,ISL,participation in ownership,0.0,0.0,0.0,0.0,0.0,0.0,0.0,0.0,0.0,0.0,0.0,0.0
113,Israel,ISR,participation in ownership,0.0,0.0,0.0,0.0,27.3,0.0,0.0,0.0,0.0,0.0,0.0,0.0
114,Italy,ITA,participation in ownership,0.0,0.0,0.0,0.0,0.0,0.0,0.0,0.0,0.0,0.0,24.0,0.0
115,Jamaica,JAM,participation in ownership,0.0,38.2,0.0,0.0,0.0,0.0,0.0,0.0,0.0,0.0,0.0,0.0
116,Jordan,JOR,participation in ownership,0.0,0.0,0.0,0.0,15.7,0.0,0.0,0.0,0.0,0.0,22.6,0.0
117,Japan,JPN,participation in ownership,0.0,0.0,0.0,0.0,0.0,0.0,0.0,0.0,0.0,0.0,0.0,0.0
118,Kazakhstan,KAZ,participation in ownership,34.4,0.0,0.0,0.0,29.6,0.0,0.0,0.0,0.0,0.0,30.5,0.0
119,Kenya,KEN,participation in ownership,0.0,0.0,0.0,0.0,48.7,0.0,0.0,0.0,0.0,47.5,0.0,0.0
120,Kyrgyz Republic,KGZ,participation in ownership,60.4,0.0,0.0,0.0,51.2,0.0,0.0,0.0,0.0,0.0,45.0,0.0
121,Cambodia,KHM,participation in ownership,0.0,0.0,0.0,0.0,0.0,0.0,0.0,46.2,0.0,0.0,0.0,0.0
122,Kiribati,KIR,participation in ownership,0.0,0.0,0.0,0.0,0.0,0.0,0.0,0.0,0.0,0.0,0.0,0.0
123,St. Kitts and Nevis,KNA,participation in ownership,0.0,57.8,0.0,0.0,0.0,0.0,0.0,0.0,0.0,0.0,0.0,0.0
124,"Korea, Rep.",KOR,participation in ownership,0.0,0.0,0.0,0.0,0.0,0.0,0.0,0.0,0.0,0.0,0.0,0.0
125,Kuwait,KWT,participation in ownership,0.0,0.0,0.0,0.0,0.0,0.0,0.0,0.0,0.0,0.0,0.0,0.0
126,Latin America & Caribbean (excluding high income),LAC,participation in ownership,0.0,0.0,0.0,0.0,0.0,0.0,0.0,0.0,0.0,0.0,47.5,0.0
127,Lao PDR,LAO,participation in ownership,39.3,0.0,0.0,41.9,0.0,0.0,0.0,43.1,0.0,36.5,0.0,0.0
128,Lebanon,LBN,participation in ownership,33.5,0.0,0.0,0.0,43.5,0.0,0.0,0.0,0.0,0.0,9.9,0.0
129,Liberia,LBR,participation in ownership,53.0,0.0,0.0,0.0,0.0,0.0,0.0,0.0,37.4,0.0,0.0,0.0
130,Libya,LBY,participation in ownership,0.0,0.0,0.0,0.0,0.0,0.0,0.0,0.0,0.0,0.0,0.0,0.0
131,St. Lucia,LCA,participation in ownership,0.0,32.1,0.0,0.0,0.0,0.0,0.0,0.0,0.0,0.0,0.0,0.0
132,Latin America & Caribbean,LCN,participation in ownership,0.0,0.0,0.0,0.0,0.0,0.0,0.0,0.0,0.0,0.0,45.41,0.0
133,Least developed countries: UN classification,LDC,participation in ownership,0.0,0.0,0.0,0.0,0.0,0.0,0.0,0.0,0.0,0.0,28.51351351,0.0
134,Low income,LIC,participation in ownership,0.0,0.0,0.0,0.0,0.0,0.0,0.0,0.0,0.0,0.0,23.25,0.0
135,Liechtenstein,LIE,participation in ownership,0.0,0.0,0.0,0.0,0.0,0.0,0.0,0.0,0.0,0.0,0.0,0.0
136,Sri Lanka,LKA,participation in ownership,0.0,0.0,26.1,0.0,0.0,0.0,0.0,0.0,0.0,0.0,0.0,0.0
137,Lower middle income,LMC,participation in ownership,0.0,0.0,0.0,0.0,0.0,0.0,0.0,0.0,0.0,0.0,35.17857143,0.0
138,Low & middle income,LMY,participation in ownership,0.0,0.0,0.0,0.0,0.0,0.0,0.0,0.0,0.0,0.0,33.43809524,0.0
139,Lesotho,LSO,participation in ownership,18.4,0.0,0.0,0.0,0.0,0.0,0.0,39.1,0.0,0.0,0.0,0.0
140,Late-demographic dividend,LTE,participation in ownership,0.0,0.0,0.0,0.0,0.0,0.0,0.0,0.0,0.0,0.0,38.01388889,0.0
141,Lithuania,LTU,participation in ownership,38.7,0.0,0.0,0.0,35.7,0.0,0.0,0.0,0.0,0.0,43.1,0.0
142,Luxembourg,LUX,participation in ownership,0.0,0.0,0.0,0.0,0.0,0.0,0.0,0.0,0.0,0.0,0.0,0.0
143,Latvia,LVA,participation in ownership,46.3,0.0,0.0,0.0,41.6,0.0,0.0,0.0,0.0,0.0,46.6,0.0
144,"Macao SAR, China",MAC,participation in ownership,0.0,0.0,0.0,0.0,0.0,0.0,0.0,0.0,0.0,0.0,0.0,0.0
145,St. Martin (French part),MAF,participation in ownership,0.0,0.0,0.0,0.0,0.0,0.0,0.0,0.0,0.0,0.0,0.0,0.0
146,Morocco,MAR,participation in ownership,0.0,0.0,0.0,0.0,31.3,0.0,0.0,0.0,0.0,0.0,16.1,0.0
147,Monaco,MCO,participation in ownership,0.0,0.0,0.0,0.0,0.0,0.0,0.0,0.0,0.0,0.0,0.0,0.0
148,Moldova,MDA,participation in ownership,53.1,0.0,0.0,0.0,54.1,0.0,0.0,0.0,0.0,0.0,39.9,0.0
149,Madagascar,MDG,participation in ownership,50.0,0.0,0.0,0.0,41.6,0.0,0.0,0.0,0.0,0.0,0.0,0.0
150,Maldives,MDV,participation in ownership,0.0,0.0,0.0,0.0,0.0,0.0,0.0,0.0,0.0,0.0,0.0,0.0
151,Middle East & North Africa,MEA,participation in ownership,0.0,0.0,0.0,0.0,0.0,0.0,0.0,0.0,0.0,0.0,18.99090909,0.0
152,Mexico,MEX,participation in ownership,0.0,25.7,0.0,0.0,0.0,0.0,0.0,0.0,0.0,0.0,0.0,0.0
153,Marshall Islands,MHL,participation in ownership,0.0,0.0,0.0,0.0,0.0,0.0,0.0,0.0,0.0,0.0,0.0,0.0
154,Middle income,MIC,participation in ownership,0.0,0.0,0.0,0.0,0.0,0.0,0.0,0.0,0.0,0.0,36.13855422,0.0
155,North Macedonia,MKD,participation in ownership,36.4,0.0,0.0,0.0,27.7,0.0,0.0,0.0,0.0,0.0,29.3,0.0
156,Mali,MLI,participation in ownership,0.0,58.3,0.0,0.0,0.0,0.0,0.0,15.3,0.0,0.0,0.0,0.0
157,Malta,MLT,participation in ownership,0.0,0.0,0.0,0.0,0.0,0.0,0.0,0.0,0.0,0.0,46.0,0.0
158,Myanmar,MMR,participation in ownership,0.0,0.0,0.0,0.0,0.0,27.3,0.0,35.1,0.0,0.0,0.0,0.0
159,Middle East & North Africa (excluding high income),MNA,participation in ownership,0.0,0.0,0.0,0.0,0.0,0.0,0.0,0.0,0.0,0.0,15.06666667,0.0
160,Montenegro,MNE,participation in ownership,26.0,0.0,0.0,0.0,25.6,0.0,0.0,0.0,0.0,0.0,24.0,0.0
161,Mongolia,MNG,participation in ownership,52.0,0.0,0.0,0.0,36.1,0.0,0.0,0.0,0.0,0.0,43.7,0.0
162,Northern Mariana Islands,MNP,participation in ownership,0.0,0.0,0.0,0.0,0.0,0.0,0.0,0.0,0.0,0.0,0.0,0.0
163,Mozambique,MOZ,participation in ownership,0.0,0.0,0.0,0.0,0.0,0.0,0.0,0.0,0.0,28.3,0.0,0.0
164,Mauritania,MRT,participation in ownership,0.0,0.0,0.0,0.0,0.0,15.0,0.0,0.0,0.0,0.0,0.0,0.0
165,Mauritius,MUS,participation in ownership,16.9,0.0,0.0,0.0,0.0,0.0,0.0,0.0,0.0,0.0,0.0,0.0
166,Malawi,MWI,participation in ownership,23.9,0.0,0.0,0.0,0.0,28.1,0.0,0.0,0.0,0.0,0.0,0.0
167,Malaysia,MYS,participation in ownership,0.0,0.0,0.0,0.0,0.0,0.0,25.4,0.0,0.0,0.0,0.0,0.0
168,North America,NAC,participation in ownership,0.0,0.0,0.0,0.0,0.0,0.0,0.0,0.0,0.0,0.0,0.0,0.0
169,Namibia,NAM,participation in ownership,0.0,0.0,0.0,0.0,0.0,41.0,0.0,0.0,0.0,0.0,0.0,0.0
170,New Caledonia,NCL,participation in ownership,0.0,0.0,0.0,0.0,0.0,0.0,0.0,0.0,0.0,0.0,0.0,0.0
171,Niger,NER,participation in ownership,17.6,0.0,0.0,0.0,0.0,0.0,0.0,0.0,14.5,0.0,0.0,0.0
172,Nigeria,NGA,participation in ownership,0.0,0.0,0.0,0.0,0.0,16.2,0.0,0.0,0.0,0.0,0.0,0.0
173,Nicaragua,NIC,participation in ownership,0.0,61.9,0.0,0.0,0.0,0.0,0.0,35.8,0.0,0.0,0.0,0.0
174,Netherlands,NLD,participation in ownership,0.0,0.0,0.0,0.0,0.0,0.0,0.0,0.0,0.0,0.0,0.0,0.0
175,Norway,NOR,participation in ownership,0.0,0.0,0.0,0.0,0.0,0.0,0.0,0.0,0.0,0.0,0.0,0.0
176,Nepal,NPL,participation in ownership,27.3,0.0,0.0,0.0,21.8,0.0,0.0,0.0,0.0,0.0,0.0,0.0
177,Nauru,NRU,participation in ownership,0.0,0.0,0.0,0.0,0.0,0.0,0.0,0.0,0.0,0.0,0.0,0.0
178,New Zealand,NZL,participation in ownership,0.0,0.0,0.0,0.0,0.0,0.0,0.0,0.0,0.0,0.0,0.0,0.0
179,OECD members,OED,participation in ownership,0.0,0.0,0.0,0.0,0.0,0.0,0.0,0.0,0.0,0.0,36.94117647,0.0
180,Oman,OMN,participation in ownership,0.0,0.0,0.0,0.0,0.0,0.0,0.0,0.0,0.0,0.0,0.0,0.0
181,Other small states,OSS,participation in ownership,0.0,0.0,0.0,0.0,0.0,0.0,0.0,0.0,0.0,0.0,39.06666667,0.0
182,Pakistan,PAK,participation in ownership,0.0,0.0,0.0,0.0,11.8,0.0,0.0,0.0,0.0,0.0,0.0,0.0
183,Panama,PAN,participation in ownership,0.0,24.7,0.0,0.0,0.0,0.0,0.0,0.0,0.0,0.0,0.0,0.0
184,Peru,PER,participation in ownership,0.0,28.7,0.0,0.0,0.0,0.0,0.0,0.0,56.6,0.0,0.0,0.0
185,Philippines,PHL,participation in ownership,69.4,0.0,0.0,0.0,0.0,0.0,69.2,0.0,0.0,0.0,0.0,0.0
186,Palau,PLW,participation in ownership,0.0,0.0,0.0,0.0,0.0,0.0,0.0,0.0,0.0,0.0,0.0,0.0
187,Papua New Guinea,PNG,participation in ownership,0.0,0.0,0.0,0.0,0.0,0.0,46.5,0.0,0.0,0.0,0.0,0.0
188,Poland,POL,participation in ownership,47.9,0.0,0.0,0.0,40.2,0.0,0.0,0.0,0.0,0.0,37.0,0.0
189,Pre-demographic dividend,PRE,participation in ownership,0.0,0.0,0.0,0.0,0.0,0.0,0.0,0.0,0.0,0.0,27.19666667,0.0
190,Puerto Rico,PRI,participation in ownership,0.0,0.0,0.0,0.0,0.0,0.0,0.0,0.0,0.0,0.0,0.0,0.0
191,"Korea, Dem. Peopleâ€™s Rep.",PRK,participation in ownership,0.0,0.0,0.0,0.0,0.0,0.0,0.0,0.0,0.0,0.0,0.0,0.0
192,Portugal,PRT,participation in ownership,0.0,0.0,0.0,0.0,0.0,0.0,0.0,0.0,0.0,0.0,37.8,0.0
193,Paraguay,PRY,participation in ownership,0.0,51.6,0.0,0.0,0.0,0.0,0.0,0.0,66.2,0.0,0.0,0.0
194,West Bank and Gaza,PSE,participation in ownership,0.0,0.0,0.0,0.0,10.7,0.0,0.0,0.0,0.0,0.0,6.0,0.0
195,Pacific island small states,PSS,participation in ownership,0.0,0.0,0.0,0.0,0.0,0.0,0.0,0.0,0.0,0.0,47.4,0.0
196,Post-demographic dividend,PST,participation in ownership,0.0,0.0,0.0,0.0,0.0,0.0,0.0,0.0,0.0,0.0,38.275,0.0
197,French Polynesia,PYF,participation in ownership,0.0,0.0,0.0,0.0,0.0,0.0,0.0,0.0,0.0,0.0,0.0,0.0
198,Qatar,QAT,participation in ownership,0.0,0.0,0.0,0.0,0.0,0.0,0.0,0.0,0.0,0.0,0.0,0.0
199,Romania,ROU,participation in ownership,47.9,0.0,0.0,0.0,47.2,0.0,0.0,0.0,0.0,0.0,32.4,0.0
200,Russian Federation,RUS,participation in ownership,33.1,0.0,0.0,28.5,0.0,0.0,0.0,0.0,0.0,0.0,34.0,0.0
201,Rwanda,RWA,participation in ownership,0.0,0.0,42.7,0.0,0.0,0.0,0.0,0.0,0.0,0.0,26.5,0.0
202,South Asia,SAS,participation in ownership,0.0,0.0,0.0,0.0,0.0,0.0,0.0,0.0,0.0,0.0,18.37142857,0.0
203,Saudi Arabia,SAU,participation in ownership,0.0,0.0,0.0,0.0,0.0,0.0,0.0,0.0,0.0,0.0,0.0,0.0
204,Sudan,SDN,participation in ownership,0.0,0.0,0.0,0.0,0.0,8.2,0.0,0.0,0.0,0.0,0.0,0.0
205,Senegal,SEN,participation in ownership,0.0,0.0,0.0,0.0,0.0,22.9,0.0,0.0,0.0,0.0,0.0,0.0
206,Singapore,SGP,participation in ownership,0.0,0.0,0.0,0.0,0.0,0.0,0.0,0.0,0.0,0.0,0.0,0.0
207,Solomon Islands,SLB,participation in ownership,0.0,0.0,0.0,0.0,0.0,0.0,47.4,0.0,0.0,0.0,0.0,0.0
208,Sierra Leone,SLE,participation in ownership,7.9,0.0,0.0,0.0,0.0,0.0,0.0,0.0,18.8,0.0,0.0,0.0
209,El Salvador,SLV,participation in ownership,0.0,40.2,0.0,0.0,0.0,0.0,0.0,38.4,0.0,0.0,0.0,0.0
210,San Marino,SMR,participation in ownership,0.0,0.0,0.0,0.0,0.0,0.0,0.0,0.0,0.0,0.0,0.0,0.0
211,Somalia,SOM,participation in ownership,0.0,0.0,0.0,0.0,0.0,0.0,0.0,0.0,0.0,0.0,0.0,0.0
212,Serbia,SRB,participation in ownership,28.8,0.0,0.0,0.0,34.9,0.0,0.0,0.0,0.0,0.0,28.5,0.0
213,Sub-Saharan Africa (excluding high income),SSA,participation in ownership,0.0,0.0,0.0,0.0,0.0,0.0,0.0,0.0,0.0,0.0,30.02,0.0
214,South Sudan,SSD,participation in ownership,0.0,0.0,0.0,0.0,0.0,21.9,0.0,0.0,0.0,0.0,0.0,0.0
215,Sub-Saharan Africa,SSF,participation in ownership,0.0,0.0,0.0,0.0,0.0,0.0,0.0,0.0,0.0,0.0,30.02,0.0
216,Small states,SST,participation in ownership,0.0,0.0,0.0,0.0,0.0,0.0,0.0,0.0,0.0,0.0,42.62307692,0.0
217,Sao Tome and Principe,STP,participation in ownership,0.0,0.0,0.0,0.0,0.0,0.0,0.0,0.0,0.0,0.0,0.0,0.0
218,Suriname,SUR,participation in ownership,0.0,18.3,0.0,0.0,0.0,0.0,0.0,0.0,0.0,32.7,0.0,0.0
219,Slovak Republic,SVK,participation in ownership,29.6,0.0,0.0,0.0,29.7,0.0,0.0,0.0,0.0,0.0,28.9,0.0
220,Slovenia,SVN,participation in ownership,42.2,0.0,0.0,0.0,38.5,0.0,0.0,0.0,0.0,0.0,34.1,0.0
221,Sweden,SWE,participation in ownership,0.0,0.0,0.0,0.0,0.0,52.5,0.0,0.0,0.0,0.0,0.0,0.0
222,Eswatini,SWZ,participation in ownership,0.0,0.0,0.0,0.0,0.0,0.0,0.0,36.0,0.0,0.0,0.0,0.0
223,Sint Maarten (Dutch part),SXM,participation in ownership,0.0,0.0,0.0,0.0,0.0,0.0,0.0,0.0,0.0,0.0,0.0,0.0
224,Seychelles,SYC,participation in ownership,0.0,0.0,0.0,0.0,0.0,0.0,0.0,0.0,0.0,0.0,0.0,0.0
225,Syrian Arab Republic,SYR,participation in ownership,14.4,0.0,0.0,0.0,0.0,0.0,0.0,0.0,0.0,0.0,0.0,0.0
226,Turks and Caicos Islands,TCA,participation in ownership,0.0,0.0,0.0,0.0,0.0,0.0,0.0,0.0,0.0,0.0,0.0,0.0
227,Chad,TCD,participation in ownership,40.1,0.0,0.0,0.0,0.0,0.0,0.0,0.0,0.0,13.1,0.0,0.0
228,East Asia & Pacific (IDA & IBRD countries),TEA,participation in ownership,0.0,0.0,0.0,0.0,0.0,0.0,0.0,0.0,0.0,0.0,47.4,0.0
229,Europe & Central Asia (IDA & IBRD countries),TEC,participation in ownership,0.0,0.0,0.0,0.0,0.0,0.0,0.0,0.0,0.0,0.0,28.90909091,0.0
230,Togo,TGO,participation in ownership,31.8,0.0,0.0,0.0,0.0,0.0,0.0,25.3,0.0,0.0,0.0,0.0
231,Thailand,THA,participation in ownership,0.0,0.0,0.0,0.0,0.0,0.0,0.0,64.4,0.0,0.0,0.0,0.0
232,Tajikistan,TJK,participation in ownership,0.0,0.0,0.0,0.0,32.5,0.0,0.0,0.0,0.0,0.0,22.7,0.0
233,Turkmenistan,TKM,participation in ownership,0.0,0.0,0.0,0.0,0.0,0.0,0.0,0.0,0.0,0.0,0.0,0.0
234,Latin America & the Caribbean (IDA & IBRD countries),TLA,participation in ownership,0.0,0.0,0.0,0.0,0.0,0.0,0.0,0.0,0.0,0.0,45.01785714,0.0
235,Timor-Leste,TLS,participation in ownership,42.9,0.0,0.0,0.0,0.0,0.0,64.4,0.0,0.0,0.0,0.0,0.0
236,Middle East & North Africa (IDA & IBRD countries),TMN,participation in ownership,0.0,0.0,0.0,0.0,0.0,0.0,0.0,0.0,0.0,0.0,16.2,0.0
237,Tonga,TON,participation in ownership,65.3,0.0,0.0,0.0,0.0,0.0,0.0,0.0,0.0,0.0,0.0,0.0
238,South Asia (IDA & IBRD),TSA,participation in ownership,0.0,0.0,0.0,0.0,0.0,0.0,0.0,0.0,0.0,0.0,18.37142857,0.0
239,Sub-Saharan Africa (IDA & IBRD countries),TSS,participation in ownership,0.0,0.0,0.0,0.0,0.0,0.0,0.0,0.0,0.0,0.0,30.02,0.0
240,Trinidad and Tobago,TTO,participation in ownership,0.0,45.1,0.0,0.0,0.0,0.0,0.0,0.0,0.0,0.0,0.0,0.0
241,Tunisia,TUN,participation in ownership,0.0,0.0,0.0,0.0,49.5,0.0,0.0,0.0,0.0,0.0,0.0,40.1
242,Turkey,TUR,participation in ownership,0.0,0.0,0.0,0.0,25.1,0.0,0.0,0.0,0.0,0.0,11.3,0.0
243,Tuvalu,TUV,participation in ownership,0.0,0.0,0.0,0.0,0.0,0.0,0.0,0.0,0.0,0.0,0.0,0.0
244,Tanzania,TZA,participation in ownership,0.0,0.0,0.0,0.0,24.7,0.0,0.0,0.0,0.0,0.0,0.0,0.0
245,Uganda,UGA,participation in ownership,0.0,0.0,0.0,0.0,26.6,0.0,0.0,0.0,0.0,0.0,0.0,0.0
246,Ukraine,UKR,participation in ownership,0.0,0.0,0.0,0.0,32.2,0.0,0.0,0.0,0.0,0.0,38.6,0.0
247,Upper middle income,UMC,participation in ownership,0.0,0.0,0.0,0.0,0.0,0.0,0.0,0.0,0.0,0.0,37.12195122,0.0
248,Uruguay,URY,participation in ownership,0.0,23.1,0.0,0.0,0.0,0.0,0.0,0.0,37.0,0.0,0.0,0.0
249,United States,USA,participation in ownership,0.0,0.0,0.0,0.0,0.0,0.0,0.0,0.0,0.0,0.0,0.0,0.0
250,Uzbekistan,UZB,participation in ownership,0.0,0.0,0.0,0.0,29.0,0.0,0.0,0.0,0.0,0.0,25.9,0.0
251,St. Vincent and the Grenadines,VCT,participation in ownership,0.0,76.0,0.0,0.0,0.0,0.0,0.0,0.0,0.0,0.0,0.0,0.0
252,"Venezuela, RB",VEN,participation in ownership,0.0,30.7,0.0,0.0,0.0,0.0,0.0,0.0,0.0,0.0,0.0,0.0
253,British Virgin Islands,VGB,participation in ownership,0.0,0.0,0.0,0.0,0.0,0.0,0.0,0.0,0.0,0.0,0.0,0.0
254,Virgin Islands (U.S.),VIR,participation in ownership,0.0,0.0,0.0,0.0,0.0,0.0,0.0,0.0,0.0,0.0,0.0,0.0
255,Vietnam,VNM,participation in ownership,59.2,0.0,0.0,0.0,0.0,0.0,51.1,0.0,0.0,0.0,0.0,0.0
256,Vanuatu,VUT,participation in ownership,51.4,0.0,0.0,0.0,0.0,0.0,0.0,0.0,0.0,0.0,0.0,0.0
257,World,WLD,participation in ownership,0.0,0.0,0.0,0.0,0.0,0.0,0.0,0.0,0.0,0.0,34.44615385,0.0
258,Samoa,WSM,participation in ownership,79.8,0.0,0.0,0.0,0.0,0.0,0.0,0.0,0.0,0.0,0.0,0.0
259,Kosovo,XKX,participation in ownership,10.9,0.0,0.0,0.0,13.2,0.0,0.0,0.0,0.0,0.0,7.3,0.0
260,"Yemen, Rep.",YEM,participation in ownership,0.0,6.4,0.0,0.0,6.6,0.0,0.0,0.0,0.0,0.0,0.0,0.0
261,South Africa,ZAF,participation in ownership,0.0,0.0,0.0,0.0,0.0,0.0,0.0,0.0,0.0,0.0,0.0,0.0
262,Zambia,ZMB,participation in ownership,0.0,0.0,0.0,0.0,43.7,0.0,0.0,0.0,0.0,0.0,41.5,0.0
263,Zimbabwe,ZWE,participation in ownership,0.0,0.0,56.2,0.0,0.0,0.0,0.0,42.5,0.0,0.0,0.0,0.0
